Lambda,NullSigma,AltB,AltSigma
-0.0,0.6999998092651973,1.0,0.6999998092651973
